{
  "SantaCruz_citywide_v1": {
    "days": {
      "1": {
        "friday": 0.9820799864865795,
        "monday": 1.060805025839619,
        "saturday": 0.9000964903437648,
        "sunday": 1.003225772147764,
        "thursday": 1.0120541724260983,
        "tuesday": 1.008835787360014,
        "wednesday": 1.0503892742650427
      },
      "2": {
        "friday": 0.9820799864865795,
        "monday": 1.060805025839619,
        "saturday": 0.9000964903437648,
        "sunday": 1.003225772147764,
        "thursday": 1.0120541724260983,
        "tuesday": 1.008835787360014,
        "wednesday": 1.0503892742650427
      },
      "3": {
        "friday": 0.9820799864865795,
        "monday": 1.060805025839619,
        "saturday": 0.9000964903437648,
        "sunday": 1.003225772147764,
        "thursday": 1.0120541724260983,
        "tuesday": 1.008835787360014,
        "wednesday": 1.0503892742650427
      },
      "4": {
        "friday": 0.9820799864865795,
        "monday": 1.060805025839619,
        "saturday": 0.9000964903437648,
        "sunday": 1.003225772147764,
        "thursday": 1.0120541724260983,
        "tuesday": 1.008835787360014,
        "wednesday": 1.0503892742650427
      },
      "5": {
        "friday": 0.9820799864865795,
        "monday": 1.060805025839619,
        "saturday": 0.9000964903437648,
        "sunday": 1.003225772147764,
        "thursday": 1.0120541724260983,
        "tuesday": 1.008835787360014,
        "wednesday": 1.0503892742650427
      },
      "6": {
        "friday": 0.9820799864865795,
        "monday": 1.060805025839619,
        "saturday": 0.9000964903437648,
        "sunday": 1.003225772147764,
        "thursday": 1.0120541724260983,
        "tuesday": 1.008835787360014,
        "wednesday": 1.0503892742650427
      },
      "7": {
        "friday": 0.9820799864865795,
        "monday": 1.060805025839619,
        "saturday": 0.9000964903437648,
        "sunday": 1.003225772147764,
        "thursday": 1.0120541724260983,
        "tuesday": 1.008835787360014,
        "wednesday": 1.0503892742650427
      },
      "8": {
        "friday": 0.9820799864865795,
        "monday": 1.060805025839619,
        "saturday": 0.9000964903437648,
        "sunday": 1.003225772147764,
        "thursday": 1.0120541724260983,
        "tuesday": 1.008835787360014,
        "wednesday": 1.0503892742650427
      },
      "9": {
        "friday": 0.9820799864865795,
        "monday": 1.060805025839619,
        "saturday": 0.9000964903437648,
        "sunday": 1.003225772147764,
        "thursday": 1.0120541724260983,
        "tuesday": 1.008835787360014,
        "wednesday": 1.0503892742650427
      },
      "10": {
        "friday": 0.9820799864865795,
        "monday": 1.060805025839619,
        "saturday": 0.9000964903437648,
        "sunday": 1.003225772147764,
        "thursday": 1.0120541724260983,
        "tuesday": 1.008835787360014,
        "wednesday": 1.0503892742650427
      },
      "11": {
        "friday": 0.9820799864865795,
        "monday": 1.060805025839619,
        "saturday": 0.9000964903437648,
        "sunday": 1.003225772147764,
        "thursday": 1.0120541724260983,
        "tuesday": 1.008835787360014,
        "wednesday": 1.0503892742650427
      },
      "12": {
        "friday": 0.9820799864865795,
        "monday": 1.060805025839619,
        "saturday": 0.9000964903437648,
        "sunday": 1.003225772147764,
        "thursday": 1.0120541724260983,
        "tuesday": 1.008835787360014,
        "wednesday": 1.0503892742650427
      }
    },
    "days_raw_ADT_over_MADT": {
      "friday": 1.018247,
      "monday": 0.9426803,
      "saturday": 1.110992,
      "sunday": 0.9967846,
      "thursday": 0.9880894,
      "tuesday": 0.9912416,
      "wednesday": 0.952028
    },
    "hours": {},
    "meta": {
      "daily_factors_semantics": "days_raw_ADT_over_MADT are assumed ADT/MADT; 'days' are 1/value for ADT->MADT multiplication.",
      "hours_support": "No hourly factors in this profile; use only for 24h day totals.",
      "source": "Santa Cruz expansion factors provided by user (chat)"
    },
    "months": {
      "1": 1.495031,
      "2": 1.390939,
      "3": 1.512953,
      "4": 0.9740038,
      "5": 0.9895062,
      "6": 0.8470684,
      "7": 0.7444142,
      "8": 0.7584075,
      "9": 0.8086068,
      "10": 0.8080811,
      "11": 0.9629544,
      "12": 1.285617
    }
  }
}